Workbook
Name Niveles_Importancia: 'Diccionarios de Datos'!$A$11:$A$13

Sheet Criterios Factibilidad
A1: Tabla de Criterios de Factibilidad
A3: # | B3: Tipo Factibilidad | C3: Relevancia | D3: Criterio | E3: ='Diccionarios de Datos'!E2 -> Bajo | F3: ='Diccionarios de Datos'!E3 -> Medio | G3: ='Diccionarios de Datos'!E4 -> Alto
A4: 1 | B4: Organizacional | C4: Relevante | D4: ¿Disponemos de las herramientas tecnicas para desarrollarlo? | E4: No disponemos de las herraamientas principales | F4: Disponemos de la mayoria, pero hay una que es esencial y no la tenemos | G4: Disponemos de las herramientas principales para el proyecto
A5: 2 | B5: Técnica | C5: Neutral | D5: ¿La complejidad técnica es abordable con las tecnologías disponibles? | E5: La complejidad supera significativamente las capacidades tecnológicas disponibles. | F5: La complejidad es moderada y requiere investigación o adaptación considerable. | G5: La complejidad es completamente abordable con las tecnologías y conocimientos disponibles.
A6: 3 | B6: Técnica | C6: Relevante | D6: ¿Existen herramientas, frameworks o APIs que faciliten el desarrollo? | E6: No existen o son muy limitadas. | F6: Existen algunas alternativas, pero requieren trabajo adicional importante. | G6: Existen múltiples herramientas maduras que aceleran significativamente el desarrollo.
A7: 4 | B7: Normativa/Legal | C7: Relevante | D7: ¿El acceso y uso de los datos es permitido? | E7: Existen restricciones legales importantes o incertidumbre normativa. | F7: El acceso es posible, pero requiere autorizaciones o cumplimiento específico. | G7: El acceso y uso de los datos está permitido y claramente regulado.
A8: 5 | B8: Organizacional | C8: Relevante | D8: ¿El equipo tiene la capacidad de organización y coordinación para desarrollar el proyecto? | E8: El equipo presenta dificultades importantes de coordinación y gestión. | F8: El equipo puede coordinarse, aunque con algunas limitaciones. | G8: El equipo posee una estructura organizada y coordinación efectiva.
A9: 6 | B9: Organizacional | C9: Relevante | D9: ¿Se cuenta con apoyo suficiente (docente guía, recursos, documentación)? | E9: El apoyo y los recursos disponibles son insuficientes. | F9: Existe apoyo parcial o documentación limitada. | G9: Se dispone de apoyo constante, recursos adecuados y documentación suficiente.
A10: 7 | B10: Financiera | C10: Relevante | D10: ¿Los costos de herramientas (ej: servicios de IA, hosting) son accesibles? | E10: Los costos exceden el presupuesto disponible. | F10: Los costos son manejables, pero representan una limitación importante. | G10: Los costos son completamente accesibles y sostenibles.
A11: 8 | B11: Operacional | C11: Relevante | D11: ¿La solución es usable y aporta valor real al usuario final (PYMES)? | E11: La utilidad o facilidad de uso es baja. | F11: Aporta valor, pero con limitaciones de uso o adopción. | G11: Es fácil de utilizar y resuelve una necesidad importante del usuario.
A12: 9 | B12: Técnica | C12: Neutral | D12: ¿El proyecto puede desarrollarse dentro del tiempo disponible? | E12: El tiempo disponible es claramente insuficiente. | F12: El tiempo es ajustado y requiere una planificación estricta. | G12: El tiempo disponible es suficiente para completar el proyecto.
A13: 10 | B13: Organizacional | C13: Neutral | D13: ¿El equipo puede adquirir los conocimientos necesarios dentro del tiempo disponible? | E13: El aprendizaje requerido supera el tiempo disponible. | F13: Es posible adquirir los conocimientos, pero con esfuerzo considerable. | G13: Los conocimientos pueden adquirirse sin dificultad dentro del plazo.
A14: 11 | B14: Mercado | C14: Relevante | D14: ¿Existe una necesidad real del sistema? | E14: La necesidad es baja o poco demostrable. | F14: Existe una necesidad moderada en un segmento específico. | G14: Existe una necesidad clara y ampliamente identificada.
A15: 12 | B15: Técnica | C15: Relevante | D15: ¿Que tan independente de terceros? (Servicios Web, API's, Cloud, Servidores en la nube) | E15: Alta dependencia de múltiples servicios externos críticos. | F15: Dependencia moderada de algunos servicios externos. | G15: Baja dependencia de terceros o posibilidad de reemplazo sencilla.
... A20: 17 | B20: Técnica | C20: Relevante | D20: ¿La solución puede entregar resultados confiables para el usuario? | E20: Los resultados presentan errores frecuentes o baja precisión. | F20: Los resultados son generalmente correctos, pero requieren validación ocasional. | G20: Los resultados son consistentes, precisos y confiables para el usuario.

Sheet Matriz de Factibilidad
D1: CRITERIOS DE SELECCION
A2: INICIATIVAS | B2: Descripción | C2: Score | D2: ='Criterios Factibilidad'!D4 -> ¿Disponemos de las herramientas tecnicas para desarrollarlo? | E2: ='Criterios Factibilidad'!D5 -> ¿La complejidad técnica es abordable con las tecnologías disponibles? | F2: ='Criterios Factibilidad'!D6 -> ¿Existen herramientas, frameworks o APIs que faciliten el desarrollo? | G2: ='Criterios Factibilidad'!D7 -> ¿El acceso y uso de los datos es permitido? | H2: ='Criterios Factibilidad'!D8 -> ¿El equipo tiene la capacidad de organización y coordinación para desarrollar el proyecto? | I2: ='Criterios Factibilidad'!D9 -> ¿Se cuenta con apoyo suficiente (docente guía, recursos, documentación)? | J2: ='Criterios Factibilidad'!D10 -> ¿Los costos de herramientas (ej: servicios de IA, hosting) son accesibles? | K2: ='Criterios Factibilidad'!D11 -> ¿La solución es usable y aporta valor real al usuario final (PYMES)? | L2: ='Criterios Factibilidad'!D12 -> ¿El proyecto puede desarrollarse dentro del tiempo disponible? | M2: ='Criterios Factibilidad'!D13 -> ¿El equipo puede adquirir los conocimientos necesarios dentro del tiempo disponible? | N2: ='Criterios Factibilidad'!D14 -> ¿Existe una necesidad real del sistema? | O2: ='Criterios Factibilidad'!D15 -> ¿Que tan independente de terceros? (Servicios Web, API's, Cloud, Servidores en la nube) | P2: ='Criterios Factibilidad'!D16 -> ¿Qué tan factible será el escalamiento? | Q2: ='Criterios Factibilidad'!D17 -> ¿Que tan segura es la iniciativa frente a vulnerabilidades o ataques? | R2: ='Criterios Factibilidad'!D18 -> ¿El Proyecto tiene compatibilidad con distintos dispositivos (web, móvil, escritorio)? | S2: ='Criterios Factibilidad'!D19 -> El nivel de procesamiento requerido (ej: análisis de documentos, uso de IA) es manejable en términos de rendimiento y tiempos de respuesta? | T2: ='Criterios Factibilidad'!D20 -> ¿La solución puede entregar resultados confiables para el usuario?
D3: ='Criterios Factibilidad'!B4 -> Organizacional | E3: ='Criterios Factibilidad'!B5 -> Técnica | F3: ='Criterios Factibilidad'!B6 -> Técnica | G3: ='Criterios Factibilidad'!B7 -> Normativa/Legal | H3: ='Criterios Factibilidad'!B8 -> Organizacional | I3: ='Criterios Factibilidad'!B9 -> Organizacional | J3: ='Criterios Factibilidad'!B10 -> Financiera | K3: ='Criterios Factibilidad'!B11 -> Operacional | L3: ='Criterios Factibilidad'!B12 -> Técnica | M3: ='Criterios Factibilidad'!B13 -> Organizacional | N3: ='Criterios Factibilidad'!B14 -> Mercado | O3: ='Criterios Factibilidad'!B15 -> Técnica | P3: ='Criterios Factibilidad'!B16 -> Técnica | Q3: ='Criterios Factibilidad'!B17 -> Técnica | R3: ='Criterios Factibilidad'!B18 -> Técnica | S3: ='Criterios Factibilidad'!B19 -> Técnica | T3: ='Criterios Factibilidad'!B20 -> Técnica
D4: ='Criterios Factibilidad'!C4 -> Relevante | E4: ='Criterios Factibilidad'!C5 -> Neutral | F4: ='Criterios Factibilidad'!C6 -> Relevante | G4: ='Criterios Factibilidad'!C7 -> Relevante | H4: ='Criterios Factibilidad'!C8 -> Relevante | I4: ='Criterios Factibilidad'!C9 -> Relevante | J4: ='Criterios Factibilidad'!C10 -> Relevante | K4: ='Criterios Factibilidad'!C11 -> Relevante | L4: ='Criterios Factibilidad'!C12 -> Neutral | M4: ='Criterios Factibilidad'!C13 -> Neutral | N4: ='Criterios Factibilidad'!C14 -> Relevante | O4: ='Criterios Factibilidad'!C15 -> Relevante | P4: ='Criterios Factibilidad'!C16 -> Neutral | Q4: ='Criterios Factibilidad'!C17 -> Marginal | R4: ='Criterios Factibilidad'!C18 -> Marginal | S4: ='Criterios Factibilidad'!C19 -> Relevante | T4: ='Criterios Factibilidad'!C20 -> Relevante
A5: SaaS básico | B5: Plataforma SaaS que permite a las PYMES filtrar y visualizar licitaciones desde la API de Mercado Público según rubro o palabras clave. | C5: =SUM(V5:AK5) -> 113 | D5: Alto | E5: Alto | F5: Alto | G5: Alto | H5: Alto | I5: Alto | J5: Alto | K5: Medio | L5: Alto | M5: Alto | N5: Medio | O5: Alto | P5: Alto | Q5: Alto | R5: Medio | S5: Alto | T5: Alto | V5: =MATCH(D5,'Diccionarios de Datos'!$E$2:$E$4,FALSE)*MATCH(D$4,'Diccionarios de Datos'!$F$2:$F$4,FALSE) -> 9 | W5: =MATCH(E5,'Diccionarios de Datos'!$E$2:$E$4,FALSE)*MATCH(E$4,'Diccionarios de Datos'!$F$2:$F$4,FALSE) -> 6 | X5: =MATCH(F5,'Diccionarios de Datos'!$E$2:$E$4,FALSE)*MATCH(F$4,'Diccionarios de Datos'!$F$2:$F$4,FALSE) -> 9 | Y5: =MATCH(G5,'Diccionarios de Datos'!$E$2:$E$4,FALSE)*MATCH(G$4,'Diccionarios de Datos'!$F$2:$F$4,FALSE) -> 9 | Z5: =MATCH(H5,'Diccionarios de Datos'!$E$2:$E$4,FALSE)*MATCH(H$4,'Diccionarios de Datos'!$F$2:$F$4,FALSE) -> 9 | AA5: =MATCH(I5,'Diccionarios de Datos'!$E$2:$E$4,FALSE)*MATCH(I$4,'Diccionarios de Datos'!$F$2:$F$4,FALSE) -> 9 | AB5: =MATCH(J5,'Diccionarios de Datos'!$E$2:$E$4,FALSE)*MATCH(J$4,'Diccionarios de Datos'!$F$2:$F$4,FALSE) -> 9 | AC5: =MATCH(K5,'Diccionarios de Datos'!$E$2:$E$4,FALSE)*MATCH(K$4,'Diccionarios de Datos'!$F$2:$F$4,FALSE) -> 6 | ... AK5: =MATCH(S5,'Diccionarios de Datos'!$E$2:$E$4,FALSE)*MATCH(S$4,'Diccionarios de Datos'!$F$2:$F$4,FALSE) -> 9
A6: SaaS + seguimiento de licitaciones | B6: Extensión del SaaS que incorpora monitoreo de cambios en las licitaciones, incluyendo actualizaciones, preguntas y respuestas. | C6: =SUM(V6:AK6) -> 114 | D6: Alto | E6: Alto | F6: Alto | G6: Alto | H6: Alto | I6: Alto | J6: Alto | K6: Alto | L6: Alto | M6: Medio | N6: Medio | O6: Alto | P6: Alto | Q6: Alto | R6: Medio | S6: Alto | T6: Alto | V6: =MATCH(D6,'Diccionarios de Datos'!$E$2:$E$4,FALSE)*MATCH(D$4,'Diccionarios de Datos'!$F$2:$F$4,FALSE) -> 9 | W6: =MATCH(E6,'Diccionarios de Datos'!$E$2:$E$4,FALSE)*MATCH(E$4,'Diccionarios de Datos'!$F$2:$F$4,FALSE) -> 6 | X6: =MATCH(F6,'Diccionarios de Datos'!$E$2:$E$4,FALSE)*MATCH(F$4,'Diccionarios de Datos'!$F$2:$F$4,FALSE) -> 9 | Y6: =MATCH(G6,'Diccionarios de Datos'!$E$2:$E$4,FALSE)*MATCH(G$4,'Diccionarios de Datos'!$F$2:$F$4,FALSE) -> 9 | Z6: =MATCH(H6,'Diccionarios de Datos'!$E$2:$E$4,FALSE)*MATCH(H$4,'Diccionarios de Datos'!$F$2:$F$4,FALSE) -> 9 | AA6: =MATCH(I6,'Diccionarios de Datos'!$E$2:$E$4,FALSE)*MATCH(I$4,'Diccionarios de Datos'!$F$2:$F$4,FALSE) -> 9 | AB6: =MATCH(J6,'Diccionarios de Datos'!$E$2:$E$4,FALSE)*MATCH(J$4,'Diccionarios de Datos'!$F$2:$F$4,FALSE) -> 9 | AC6: =MATCH(K6,'Diccionarios de Datos'!$E$2:$E$4,FALSE)*MATCH(K$4,'Diccionarios de Datos'!$F$2:$F$4,FALSE) -> 9 | ... AK6: =MATCH(S6,'Diccionarios de Datos'!$E$2:$E$4,FALSE)*MATCH(S$4,'Diccionarios de Datos'!$F$2:$F$4,FALSE) -> 9
A7: SaaS + dashboard de visualización | B7: Incorporación de un dashboard con métricas e historial de licitaciones para apoyar la toma de decisiones. | C7: =SUM(V7:AK7) -> 113 | D7: Alto | E7: Alto | F7: Alto | G7: Alto | H7: Alto | I7: Alto | J7: Alto | K7: Alto | L7: Alto | M7: Bajo | N7: Medio | O7: Alto | P7: Alto | Q7: Alto | R7: Alto | S7: Alto | T7: Alto | V7: =MATCH(D7,'Diccionarios de Datos'!$E$2:$E$4,FALSE)*MATCH(D$4,'Diccionarios de Datos'!$F$2:$F$4,FALSE) -> 9 | W7: =MATCH(E7,'Diccionarios de Datos'!$E$2:$E$4,FALSE)*MATCH(E$4,'Diccionarios de Datos'!$F$2:$F$4,FALSE) -> 6 | X7: =MATCH(F7,'Diccionarios de Datos'!$E$2:$E$4,FALSE)*MATCH(F$4,'Diccionarios de Datos'!$F$2:$F$4,FALSE) -> 9 | Y7: =MATCH(G7,'Diccionarios de Datos'!$E$2:$E$4,FALSE)*MATCH(G$4,'Diccionarios de Datos'!$F$2:$F$4,FALSE) -> 9 | Z7: =MATCH(H7,'Diccionarios de Datos'!$E$2:$E$4,FALSE)*MATCH(H$4,'Diccionarios de Datos'!$F$2:$F$4,FALSE) -> 9 | AA7: =MATCH(I7,'Diccionarios de Datos'!$E$2:$E$4,FALSE)*MATCH(I$4,'Diccionarios de Datos'!$F$2:$F$4,FALSE) -> 9 | AB7: =MATCH(J7,'Diccionarios de Datos'!$E$2:$E$4,FALSE)*MATCH(J$4,'Diccionarios de Datos'!$F$2:$F$4,FALSE) -> 9 | AC7: =MATCH(K7,'Diccionarios de Datos'!$E$2:$E$4,FALSE)*MATCH(K$4,'Diccionarios de Datos'!$F$2:$F$4,FALSE) -> 9 | ... AK7: =MATCH(S7,'Diccionarios de Datos'!$E$2:$E$4,FALSE)*MATCH(S$4,'Diccionarios de Datos'!$F$2:$F$4,FALSE) -> 9
A8: SaaS + IA para análisis de documentos | B8: Integración de servicios de IA (NLP) para resumir bases de licitación y extraer requisitos clave automáticamente. | C8: =SUM(V8:AK8) -> 85 | D8: Bajo | E8: Alto | F8: Alto | G8: Alto | H8: Alto | I8: Medio | J8: Medio | K8: Medio | L8: Medio | M8: Medio | N8: Medio | O8: Medio | P8: Medio | Q8: Alto | R8: Bajo | S8: Bajo | T8: Medio | V8: =MATCH(D8,'Diccionarios de Datos'!$E$2:$E$4,FALSE)*MATCH(D$4,'Diccionarios de Datos'!$F$2:$F$4,FALSE) -> 3 | W8: =MATCH(E8,'Diccionarios de Datos'!$E$2:$E$4,FALSE)*MATCH(E$4,'Diccionarios de Datos'!$F$2:$F$4,FALSE) -> 6 | X8: =MATCH(F8,'Diccionarios de Datos'!$E$2:$E$4,FALSE)*MATCH(F$4,'Diccionarios de Datos'!$F$2:$F$4,FALSE) -> 9 | Y8: =MATCH(G8,'Diccionarios de Datos'!$E$2:$E$4,FALSE)*MATCH(G$4,'Diccionarios de Datos'!$F$2:$F$4,FALSE) -> 9 | Z8: =MATCH(H8,'Diccionarios de Datos'!$E$2:$E$4,FALSE)*MATCH(H$4,'Diccionarios de Datos'!$F$2:$F$4,FALSE) -> 9 | AA8: =MATCH(I8,'Diccionarios de Datos'!$E$2:$E$4,FALSE)*MATCH(I$4,'Diccionarios de Datos'!$F$2:$F$4,FALSE) -> 6 | AB8: =MATCH(J8,'Diccionarios de Datos'!$E$2:$E$4,FALSE)*MATCH(J$4,'Diccionarios de Datos'!$F$2:$F$4,FALSE) -> 6 | AC8: =MATCH(K8,'Diccionarios de Datos'!$E$2:$E$4,FALSE)*MATCH(K$4,'Diccionarios de Datos'!$F$2:$F$4,FALSE) -> 6 | ... AK8: =MATCH(S8,'Diccionarios de Datos'!$E$2:$E$4,FALSE)*MATCH(S$4,'Diccionarios de Datos'!$F$2:$F$4,FALSE) -> 3
A9: SaaS + seguimiento + dashboard | B9: Solución que combina filtrado de licitaciones, seguimiento de cambios y visualización de datos en un mismo sistema. | C9: =SUM(V9:AK9) -> 109 | D9: Alto | E9: Alto | F9: Alto | G9: Alto | H9: Alto | I9: Alto | J9: Medio | K9: Alto | L9: Alto | M9: Alto | N9: Medio | O9: Medio | P9: Alto | Q9: Medio | R9: Medio | S9: Alto | T9: Alto | V9: =MATCH(D9,'Diccionarios de Datos'!$E$2:$E$4,FALSE)*MATCH(D$4,'Diccionarios de Datos'!$F$2:$F$4,FALSE) -> 9 | W9: =MATCH(E9,'Diccionarios de Datos'!$E$2:$E$4,FALSE)*MATCH(E$4,'Diccionarios de Datos'!$F$2:$F$4,FALSE) -> 6 | X9: =MATCH(F9,'Diccionarios de Datos'!$E$2:$E$4,FALSE)*MATCH(F$4,'Diccionarios de Datos'!$F$2:$F$4,FALSE) -> 9 | Y9: =MATCH(G9,'Diccionarios de Datos'!$E$2:$E$4,FALSE)*MATCH(G$4,'Diccionarios de Datos'!$F$2:$F$4,FALSE) -> 9 | Z9: =MATCH(H9,'Diccionarios de Datos'!$E$2:$E$4,FALSE)*MATCH(H$4,'Diccionarios de Datos'!$F$2:$F$4,FALSE) -> 9 | AA9: =MATCH(I9,'Diccionarios de Datos'!$E$2:$E$4,FALSE)*MATCH(I$4,'Diccionarios de Datos'!$F$2:$F$4,FALSE) -> 9 | AB9: =MATCH(J9,'Diccionarios de Datos'!$E$2:$E$4,FALSE)*MATCH(J$4,'Diccionarios de Datos'!$F$2:$F$4,FALSE) -> 6 | AC9: =MATCH(K9,'Diccionarios de Datos'!$E$2:$E$4,FALSE)*MATCH(K$4,'Diccionarios de Datos'!$F$2:$F$4,FALSE) -> 9 | ... AK9: =MATCH(S9,'Diccionarios de Datos'!$E$2:$E$4,FALSE)*MATCH(S$4,'Diccionarios de Datos'!$F$2:$F$4,FALSE) -> 9
A10: SaaS + IA + seguimiento | B10: Plataforma que integra análisis automático de documentos con IA y monitoreo continuo de licitaciones. | C10: =SUM(V10:AK10) -> 83 | D10: Medio | E10: Medio | F10: Alto | G10: Alto | H10: Medio | I10: Medio | J10: Medio | K10: Medio | L10: Medio | M10: Medio | N10: Medio | O10: Medio | P10: Medio | Q10: Alto | R10: Bajo | S10: Bajo | T10: Alto | V10: =MATCH(D10,'Diccionarios de Datos'!$E$2:$E$4,FALSE)*MATCH(D$4,'Diccionarios de Datos'!$F$2:$F$4,FALSE) -> 6 | W10: =MATCH(E10,'Diccionarios de Datos'!$E$2:$E$4,FALSE)*MATCH(E$4,'Diccionarios de Datos'!$F$2:$F$4,FALSE) -> 4 | X10: =MATCH(F10,'Diccionarios de Datos'!$E$2:$E$4,FALSE)*MATCH(F$4,'Diccionarios de Datos'!$F$2:$F$4,FALSE) -> 9 | Y10: =MATCH(G10,'Diccionarios de Datos'!$E$2:$E$4,FALSE)*MATCH(G$4,'Diccionarios de Datos'!$F$2:$F$4,FALSE) -> 9 | Z10: =MATCH(H10,'Diccionarios de Datos'!$E$2:$E$4,FALSE)*MATCH(H$4,'Diccionarios de Datos'!$F$2:$F$4,FALSE) -> 6 | AA10: =MATCH(I10,'Diccionarios de Datos'!$E$2:$E$4,FALSE)*MATCH(I$4,'Diccionarios de Datos'!$F$2:$F$4,FALSE) -> 6 | AB10: =MATCH(J10,'Diccionarios de Datos'!$E$2:$E$4,FALSE)*MATCH(J$4,'Diccionarios de Datos'!$F$2:$F$4,FALSE) -> 6 | AC10: =MATCH(K10,'Diccionarios de Datos'!$E$2:$E$4,FALSE)*MATCH(K$4,'Diccionarios de Datos'!$F$2:$F$4,FALSE) -> 6 | ... AK10: =MATCH(S10,'Diccionarios de Datos'!$E$2:$E$4,FALSE)*MATCH(S$4,'Diccionarios de Datos'!$F$2:$F$4,FALSE) -> 3
A11: SaaS + IA + dashboard | B11: Solución que combina análisis inteligente de documentos con visualización de datos para apoyar decisiones. | C11: =SUM(V11:AK11) -> 84 | D11: Medio | E11: Medio | F11: Alto | G11: Alto | H11: Medio | I11: Medio | J11: Medio | K11: Medio | L11: Medio | M11: Medio | N11: Medio | O11: Medio | P11: Medio | Q11: Alto | R11: Medio | S11: Bajo | T11: Medio | V11: =MATCH(D11,'Diccionarios de Datos'!$E$2:$E$4,FALSE)*MATCH(D$4,'Diccionarios de Datos'!$F$2:$F$4,FALSE) -> 6 | W11: =MATCH(E11,'Diccionarios de Datos'!$E$2:$E$4,FALSE)*MATCH(E$4,'Diccionarios de Datos'!$F$2:$F$4,FALSE) -> 4 | X11: =MATCH(F11,'Diccionarios de Datos'!$E$2:$E$4,FALSE)*MATCH(F$4,'Diccionarios de Datos'!$F$2:$F$4,FALSE) -> 9 | Y11: =MATCH(G11,'Diccionarios de Datos'!$E$2:$E$4,FALSE)*MATCH(G$4,'Diccionarios de Datos'!$F$2:$F$4,FALSE) -> 9 | Z11: =MATCH(H11,'Diccionarios de Datos'!$E$2:$E$4,FALSE)*MATCH(H$4,'Diccionarios de Datos'!$F$2:$F$4,FALSE) -> 6 | AA11: =MATCH(I11,'Diccionarios de Datos'!$E$2:$E$4,FALSE)*MATCH(I$4,'Diccionarios de Datos'!$F$2:$F$4,FALSE) -> 6 | AB11: =MATCH(J11,'Diccionarios de Datos'!$E$2:$E$4,FALSE)*MATCH(J$4,'Diccionarios de Datos'!$F$2:$F$4,FALSE) -> 6 | AC11: =MATCH(K11,'Diccionarios de Datos'!$E$2:$E$4,FALSE)*MATCH(K$4,'Diccionarios de Datos'!$F$2:$F$4,FALSE) -> 6 | ... AK11: =MATCH(S11,'Diccionarios de Datos'!$E$2:$E$4,FALSE)*MATCH(S$4,'Diccionarios de Datos'!$F$2:$F$4,FALSE) -> 3
A12: SaaS + dashboard + ML predictivo | B12: Plataforma que combina el filtrado de licitaciones con un dashboard de visualización e incorpora modelos de Machine Learning para predecir oportunidades y apoyar la toma de decisiones. | C12: =SUM(V12:AK12) -> 104 | D12: Medio | E12: Medio | F12: Alto | G12: Alto | H12: Alto | I12: Alto | J12: Medio | K12: Alto | L12: Alto | M12: Alto | N12: Alto | O12: Alto | P12: Alto | Q12: Medio | R12: Medio | S12: Bajo | T12: Medio | V12: =MATCH(D12,'Diccionarios de Datos'!$E$2:$E$4,FALSE)*MATCH(D$4,'Diccionarios de Datos'!$F$2:$F$4,FALSE) -> 6 | W12: =MATCH(E12,'Diccionarios de Datos'!$E$2:$E$4,FALSE)*MATCH(E$4,'Diccionarios de Datos'!$F$2:$F$4,FALSE) -> 4 | X12: =MATCH(F12,'Diccionarios de Datos'!$E$2:$E$4,FALSE)*MATCH(F$4,'Diccionarios de Datos'!$F$2:$F$4,FALSE) -> 9 | Y12: =MATCH(G12,'Diccionarios de Datos'!$E$2:$E$4,FALSE)*MATCH(G$4,'Diccionarios de Datos'!$F$2:$F$4,FALSE) -> 9 | Z12: =MATCH(H12,'Diccionarios de Datos'!$E$2:$E$4,FALSE)*MATCH(H$4,'Diccionarios de Datos'!$F$2:$F$4,FALSE) -> 9 | AA12: =MATCH(I12,'Diccionarios de Datos'!$E$2:$E$4,FALSE)*MATCH(I$4,'Diccionarios de Datos'!$F$2:$F$4,FALSE) -> 9 | AB12: =MATCH(J12,'Diccionarios de Datos'!$E$2:$E$4,FALSE)*MATCH(J$4,'Diccionarios de Datos'!$F$2:$F$4,FALSE) -> 6 | AC12: =MATCH(K12,'Diccionarios de Datos'!$E$2:$E$4,FALSE)*MATCH(K$4,'Diccionarios de Datos'!$F$2:$F$4,FALSE) -> 9 | ... AK12: =MATCH(S12,'Diccionarios de Datos'!$E$2:$E$4,FALSE)*MATCH(S$4,'Diccionarios de Datos'!$F$2:$F$4,FALSE) -> 3
A13: SaaS + seguimiento + ML predictivo | B13: Solución que integra el filtrado de licitaciones con seguimiento de procesos en tiempo real y modelos de Machine Learning para identificar oportunidades más convenientes de postulación. | C13: =SUM(V13:AK13) -> 106 | D13: Medio | E13: Medio | F13: Alto | G13: Alto | H13: Alto | I13: Alto | J13: Alto | K13: Alto | L13: Alto | M13: Alto | N13: Alto | O13: Alto | P13: Alto | Q13: Medio | R13: Bajo | S13: Bajo | T13: Medio | V13: =MATCH(D13,'Diccionarios de Datos'!$E$2:$E$4,FALSE)*MATCH(D$4,'Diccionarios de Datos'!$F$2:$F$4,FALSE) -> 6 | W13: =MATCH(E13,'Diccionarios de Datos'!$E$2:$E$4,FALSE)*MATCH(E$4,'Diccionarios de Datos'!$F$2:$F$4,FALSE) -> 4 | X13: =MATCH(F13,'Diccionarios de Datos'!$E$2:$E$4,FALSE)*MATCH(F$4,'Diccionarios de Datos'!$F$2:$F$4,FALSE) -> 9 | Y13: =MATCH(G13,'Diccionarios de Datos'!$E$2:$E$4,FALSE)*MATCH(G$4,'Diccionarios de Datos'!$F$2:$F$4,FALSE) -> 9 | Z13: =MATCH(H13,'Diccionarios de Datos'!$E$2:$E$4,FALSE)*MATCH(H$4,'Diccionarios de Datos'!$F$2:$F$4,FALSE) -> 9 | AA13: =MATCH(I13,'Diccionarios de Datos'!$E$2:$E$4,FALSE)*MATCH(I$4,'Diccionarios de Datos'!$F$2:$F$4,FALSE) -> 9 | AB13: =MATCH(J13,'Diccionarios de Datos'!$E$2:$E$4,FALSE)*MATCH(J$4,'Diccionarios de Datos'!$F$2:$F$4,FALSE) -> 9 | AC13: =MATCH(K13,'Diccionarios de Datos'!$E$2:$E$4,FALSE)*MATCH(K$4,'Diccionarios de Datos'!$F$2:$F$4,FALSE) -> 9 | ... AK13: =MATCH(S13,'Diccionarios de Datos'!$E$2:$E$4,FALSE)*MATCH(S$4,'Diccionarios de Datos'!$F$2:$F$4,FALSE) -> 3
A14: SaaS + dashboard + seguimiento + ML predictivo | B14: Plataforma que combina filtrado de licitaciones, monitoreo de cambios y visualización de datos, incorporando además modelos predictivos para mejorar la selección de oportunidades. | C14: =SUM(V14:AK14) -> 109 | D14: Alto | E14: Alto | F14: Alto | G14: Alto | H14: Alto | I14: Alto | J14: Medio | K14: Alto | L14: Alto | M14: Alto | N14: Alto | O14: Alto | P14: Alto | Q14: Medio | R14: Medio | S14: Bajo | T14: Medio | V14: =MATCH(D14,'Diccionarios de Datos'!$E$2:$E$4,FALSE)*MATCH(D$4,'Diccionarios de Datos'!$F$2:$F$4,FALSE) -> 9 | W14: =MATCH(E14,'Diccionarios de Datos'!$E$2:$E$4,FALSE)*MATCH(E$4,'Diccionarios de Datos'!$F$2:$F$4,FALSE) -> 6 | X14: =MATCH(F14,'Diccionarios de Datos'!$E$2:$E$4,FALSE)*MATCH(F$4,'Diccionarios de Datos'!$F$2:$F$4,FALSE) -> 9 | Y14: =MATCH(G14,'Diccionarios de Datos'!$E$2:$E$4,FALSE)*MATCH(G$4,'Diccionarios de Datos'!$F$2:$F$4,FALSE) -> 9 | Z14: =MATCH(H14,'Diccionarios de Datos'!$E$2:$E$4,FALSE)*MATCH(H$4,'Diccionarios de Datos'!$F$2:$F$4,FALSE) -> 9 | AA14: =MATCH(I14,'Diccionarios de Datos'!$E$2:$E$4,FALSE)*MATCH(I$4,'Diccionarios de Datos'!$F$2:$F$4,FALSE) -> 9 | AB14: =MATCH(J14,'Diccionarios de Datos'!$E$2:$E$4,FALSE)*MATCH(J$4,'Diccionarios de Datos'!$F$2:$F$4,FALSE) -> 6 | AC14: =MATCH(K14,'Diccionarios de Datos'!$E$2:$E$4,FALSE)*MATCH(K$4,'Diccionarios de Datos'!$F$2:$F$4,FALSE) -> 9 | ... AK14: =MATCH(S14,'Diccionarios de Datos'!$E$2:$E$4,FALSE)*MATCH(S$4,'Diccionarios de Datos'!$F$2:$F$4,FALSE) -> 3
A15: SaaS + IA + dashboard + seguimiento | B15: Plataforma completa que integra filtrado, análisis con IA, seguimiento y dashboard en un solo sistema. | C15: =SUM(V15:AK15) -> 85 | D15: Bajo | E15: Bajo | F15: Alto | G15: Alto | H15: Medio | I15: Medio | J15: Bajo | K15: Alto | L15: Bajo | M15: Medio | N15: Alto | O15: Medio | P15: Medio | Q15: Medio | R15: Medio | S15: Alto | T15: Bajo | V15: =MATCH(D15,'Diccionarios de Datos'!$E$2:$E$4,FALSE)*MATCH(D$4,'Diccionarios de Datos'!$F$2:$F$4,FALSE) -> 3 | W15: =MATCH(E15,'Diccionarios de Datos'!$E$2:$E$4,FALSE)*MATCH(E$4,'Diccionarios de Datos'!$F$2:$F$4,FALSE) -> 2 | X15: =MATCH(F15,'Diccionarios de Datos'!$E$2:$E$4,FALSE)*MATCH(F$4,'Diccionarios de Datos'!$F$2:$F$4,FALSE) -> 9 | Y15: =MATCH(G15,'Diccionarios de Datos'!$E$2:$E$4,FALSE)*MATCH(G$4,'Diccionarios de Datos'!$F$2:$F$4,FALSE) -> 9 | Z15: =MATCH(H15,'Diccionarios de Datos'!$E$2:$E$4,FALSE)*MATCH(H$4,'Diccionarios de Datos'!$F$2:$F$4,FALSE) -> 6 | AA15: =MATCH(I15,'Diccionarios de Datos'!$E$2:$E$4,FALSE)*MATCH(I$4,'Diccionarios de Datos'!$F$2:$F$4,FALSE) -> 6 | AB15: =MATCH(J15,'Diccionarios de Datos'!$E$2:$E$4,FALSE)*MATCH(J$4,'Diccionarios de Datos'!$F$2:$F$4,FALSE) -> 3 | AC15: =MATCH(K15,'Diccionarios de Datos'!$E$2:$E$4,FALSE)*MATCH(K$4,'Diccionarios de Datos'!$F$2:$F$4,FALSE) -> 9 | ... AK15: =MATCH(S15,'Diccionarios de Datos'!$E$2:$E$4,FALSE)*MATCH(S$4,'Diccionarios de Datos'!$F$2:$F$4,FALSE) -> 9
A16: SaaS + IA + dashboard + seguimiento + ML predictivo | B16: Versión avanzada que añade modelos de Machine Learning para recomendar y predecir oportunidades de licitación. | C16: =SUM(V16:AK16) -> 68 | D16: Bajo | E16: Bajo | F16: Medio | G16: Medio | H16: Medio | I16: Medio | J16: Bajo | K16: Alto | L16: Bajo | M16: Bajo | N16: Alto | O16: Medio | P16: Bajo | Q16: Bajo | R16: Medio | S16: Bajo | T16: Bajo | V16: =MATCH(D16,'Diccionarios de Datos'!$E$2:$E$4,FALSE)*MATCH(D$4,'Diccionarios de Datos'!$F$2:$F$4,FALSE) -> 3 | W16: =MATCH(E16,'Diccionarios de Datos'!$E$2:$E$4,FALSE)*MATCH(E$4,'Diccionarios de Datos'!$F$2:$F$4,FALSE) -> 2 | X16: =MATCH(F16,'Diccionarios de Datos'!$E$2:$E$4,FALSE)*MATCH(F$4,'Diccionarios de Datos'!$F$2:$F$4,FALSE) -> 6 | Y16: =MATCH(G16,'Diccionarios de Datos'!$E$2:$E$4,FALSE)*MATCH(G$4,'Diccionarios de Datos'!$F$2:$F$4,FALSE) -> 6 | Z16: =MATCH(H16,'Diccionarios de Datos'!$E$2:$E$4,FALSE)*MATCH(H$4,'Diccionarios de Datos'!$F$2:$F$4,FALSE) -> 6 | AA16: =MATCH(I16,'Diccionarios de Datos'!$E$2:$E$4,FALSE)*MATCH(I$4,'Diccionarios de Datos'!$F$2:$F$4,FALSE) -> 6 | AB16: =MATCH(J16,'Diccionarios de Datos'!$E$2:$E$4,FALSE)*MATCH(J$4,'Diccionarios de Datos'!$F$2:$F$4,FALSE) -> 3 | AC16: =MATCH(K16,'Diccionarios de Datos'!$E$2:$E$4,FALSE)*MATCH(K$4,'Diccionarios de Datos'!$F$2:$F$4,FALSE) -> 9 | ... AK16: =MATCH(S16,'Diccionarios de Datos'!$E$2:$E$4,FALSE)*MATCH(S$4,'Diccionarios de Datos'!$F$2:$F$4,FALSE) -> 3

Sheet Diccionarios de Datos
A1: CRITERIOS DE FACTIBILIDAD | E1: Significancia | F1: Relevancias
A2: Relevancia | B2: Asignar entre : Relevante, Neutral, Marginal | E2: Bajo | F2: Marginal
A3: Criterio | B3: Pregunta que se aplicar a las inciativas para decidir su factibilidad | E3: Medio | F3: Neutral
A4: Bajo | B4: Respecto del criterio, señalar cuando aplicar una relavancia BAJA | E4: Alto | F4: Relevante
A5: Medio | B5: Respecto del criterio, señalar cuando aplicar una relavancia MEDIA
A6: Alto | B6: Respecto del criterio, señalar cuando aplicar una relavancia ALTA
A10: MATRIZ DE FACTIBILIDAD
A11: Inciativa | B11: Asignar nombre a la Iniciativa (nombre corto)
A12: Descripción | B12: Breve descripción que caracterice la iniciativa ( 3 a 5 lineas)
A13: Score | B13: Puntacion alcanzada (se calcula automatico) NO MODIFICAR
A14: Pregunta 1 | B14: se obtiene de la Tabla Criterios de Factibilidad
A17: CRITERIOS DE TIPO FACTIBILIDAD
A18: Tipo | B18: Descripción
A19: Técnica
A20: Normativa/Legal
A21: Organizacional
A22: Financiera
A23: Operacional
A24: Temporal
A25: Mercado
A28: Columnas S a AD utilizadas para calcular el score
