Workbook

Sheet Impediment Log
A1: ID | B1: Fecha | C1: Sprint | D1: Impedimento | E1: Tipo | F1: Impacto | G1: Prioridad | H1: Responsable | I1: Estado | J1: Fecha resolución | K1: Resolución / Acción tomada | L1: Días bloqueado
A2: IMP-001 | B2: 16-09-2026 | C2: S4 | D2: EJEMPLO: Demora en la obtención del token de la API de Mercado Público | E2: Dependencia externa | F2: Alto | G2: Alta | H2: Equipo | I2: Resuelto | J2: 16-09-2026 | K2: EJEMPLO: Se realizó solicitud mediante ticket a Mercado Público. | L2: =IF(B2="","",IF(J2<>"",MAX(0,J2-B2),MAX(0,TODAY()-B2)))
A3: IMP-002 | B3: 16-09-2026 | C3: S4 | D3: EJEMPLO: Problemas de conexión entre Django y el Data Warehouse | E3: Técnico | F3: Alto | G3: Alta | H3: Equipo | I3: Resuelto | J3: 15-09-2026 | K3: EJEMPLO: Se corrigió la configuración de conexión a la BD del DW. | L3: =IF(B3="","",IF(J3<>"",MAX(0,J3-B3),MAX(0,TODAY()-B3)))
A4: IMP-003 | B4: 16-09-2026 | C4: S5 | D4: EJEMPLO: Falta de definición del servicio de hosting | E4: Infraestructura | F4: Medio | G4: Media | H4: Equipo | I4: Pendiente | K4: EJEMPLO: Comparar alternativas y definir proveedor. | L4: =IF(B4="","",IF(J4<>"",MAX(0,J4-B4),MAX(0,TODAY()-B4)))
L5: =IF(B5="","",IF(J5<>"",MAX(0,J5-B5),MAX(0,TODAY()-B5)))
L6: =IF(B6="","",IF(J6<>"",MAX(0,J6-B6),MAX(0,TODAY()-B6)))
L7: =IF(B7="","",IF(J7<>"",MAX(0,J7-B7),MAX(0,TODAY()-B7)))
L8: =IF(B8="","",IF(J8<>"",MAX(0,J8-B8),MAX(0,TODAY()-B8)))
L9: =IF(B9="","",IF(J9<>"",MAX(0,J9-B9),MAX(0,TODAY()-B9)))
L10: =IF(B10="","",IF(J10<>"",MAX(0,J10-B10),MAX(0,TODAY()-B10)))
L11: =IF(B11="","",IF(J11<>"",MAX(0,J11-B11),MAX(0,TODAY()-B11)))
L12: =IF(B12="","",IF(J12<>"",MAX(0,J12-B12),MAX(0,TODAY()-B12)))
L13: =IF(B13="","",IF(J13<>"",MAX(0,J13-B13),MAX(0,TODAY()-B13)))
L14: =IF(B14="","",IF(J14<>"",MAX(0,J14-B14),MAX(0,TODAY()-B14)))
L15: =IF(B15="","",IF(J15<>"",MAX(0,J15-B15),MAX(0,TODAY()-B15)))
L16: =IF(B16="","",IF(J16<>"",MAX(0,J16-B16),MAX(0,TODAY()-B16)))
... L501: =IF(B501="","",IF(J501<>"",MAX(0,J501-B501),MAX(0,TODAY()-B501)))

Sheet Instrucciones
A1: IMPEDIMENT LOG — SMARTBIDS
A2: Propósito | B2: Registrar, dar seguimiento y documentar los impedimentos que afectan el avance de los sprints Scrum.
A3: Cuándo registrar | B3: Cada vez que aparezca un bloqueo o problema que impida, retrase o dificulte completar una tarea del sprint.
A4: ID | B4: Usar formato IMP-001, IMP-002, etc.
A5: Fecha | B5: Fecha en que se identifica el impedimento.
A6: Sprint | B6: Sprint en el que se detecta.
A7: Impedimento | B7: Describir el problema de forma concreta, indicando qué está bloqueando el trabajo.
A8: Tipo | B8: Seleccionar una categoría de la lista desplegable.
A9: Impacto | B9: Indicar cuánto afecta al avance: Bajo, Medio, Alto o Crítico.
A10: Prioridad | B10: Indicar qué tan urgente es resolverlo.
A11: Responsable | B11: Persona o equipo encargado de gestionar su resolución.
A12: Estado | B12: Actualizar durante el seguimiento: Pendiente, En proceso, Bloqueado, Resuelto o Descartado.
A13: Fecha resolución | B13: Completar cuando el impedimento haya sido solucionado.
... A16: Importante | B16: Las primeras filas contienen EJEMPLOS relacionados con SmartBids. Pueden reemplazarse o eliminarse.

Sheet Resumen
A1: RESUMEN DE IMPEDIMENTOS — SMARTBIDS
A3: Total de impedimentos | B3: =COUNTIF('Impediment Log'!A2:A501,"IMP-*")
A4: Pendientes | B4: =COUNTIF('Impediment Log'!I2:I501,"Pendiente")
A5: En proceso | B5: =COUNTIF('Impediment Log'!I2:I501,"En proceso")
A6: Bloqueados | B6: =COUNTIF('Impediment Log'!I2:I501,"Bloqueado")
A7: Resueltos | B7: =COUNTIF('Impediment Log'!I2:I501,"Resuelto")
A8: Alta/Critica prioridad | B8: =COUNTIF('Impediment Log'!G2:G501,"Alta")+COUNTIF('Impediment Log'!G2:G501,"Critica")
A9: Días bloqueado promedio | B9: =IFERROR(AVERAGE('Impediment Log'!L2:L501),0)
A12: Tipo | B12: Cantidad
A13: Técnico | B13: =COUNTIF('Impediment Log'!E2:E501,A13)
A14: Gestión | B14: =COUNTIF('Impediment Log'!E2:E501,A14)
A15: Dependencia externa | B15: =COUNTIF('Impediment Log'!E2:E501,A15)
A16: Recursos | B16: =COUNTIF('Impediment Log'!E2:E501,A16)
A17: Equipo | B17: =COUNTIF('Impediment Log'!E2:E501,A17)
A18: Requisito | B18: =COUNTIF('Impediment Log'!E2:E501,A18)
A19: Infraestructura | B19: =COUNTIF('Impediment Log'!E2:E501,A19)
